<templateFileSet xmlns:xsi="http://www.w3.org/2001/XMLSchema-instance" xmlns:xsd="http://www.w3.org/2001/XMLSchema" xmlns="http://schemas.openehr.org/v1">
   <cid>1051.57.68</cid>
   <versionAsset>2</versionAsset>
   <templateName>OPRN - Paracetamol overdose pathway.v0</templateName>
   <templateId>0c742dd4-ab2e-4a9a-91ed-acaf6f9d1aaa</templateId>
   <rootArchetypeId>openEHR-EHR-COMPOSITION.event_summary.v1</rootArchetypeId>
   <creationTime>03-Aug-2016</creationTime>
   <modificationTime>03-Aug-2016</modificationTime>
   <directLink>http://ckm.apperta.org/ckm/#showTemplate_1051.57.68_2</directLink>
   <logMessage>Initial upload</logMessage>
   <ckmResource>
      <cid>1051.32.335</cid>
      <versionAsset>2</versionAsset>
      <resourceMainId>openEHR-EHR-OBSERVATION.laboratory_test.v0</resourceMainId>
      <resourceMainDisplayName>Laboratory test result</resourceMainDisplayName>
      <resourceType>ARCHETYPE</resourceType>
      <creationTime>2015-07-21T15:08:11+0200</creationTime>
      <modificationTime>2016-06-16T18:01:07+0200</modificationTime>
      <directLink>http://ckm.apperta.org/ckm/#showArchetype_1051.32.335_2</directLink>
   </ckmResource>
   <ckmResource>
      <cid>1051.32.336</cid>
      <versionAsset>1</versionAsset>
      <resourceMainId>openEHR-EHR-CLUSTER.laboratory_test_panel.v0</resourceMainId>
      <resourceMainDisplayName>Laboratory test panel</resourceMainDisplayName>
      <resourceType>ARCHETYPE</resourceType>
      <creationTime>2015-07-21T15:08:15+0200</creationTime>
      <modificationTime>2015-07-21T15:08:15+0200</modificationTime>
      <directLink>http://ckm.apperta.org/ckm/#showArchetype_1051.32.336_1</directLink>
   </ckmResource>
   <ckmResource>
      <cid>1051.32.359</cid>
      <versionAsset>1</versionAsset>
      <resourceMainId>openEHR-EHR-COMPOSITION.event_summary.v1</resourceMainId>
      <resourceMainDisplayName>Event summary</resourceMainDisplayName>
      <resourceType>ARCHETYPE</resourceType>
      <creationTime>2016-02-17T23:20:11+0100</creationTime>
      <modificationTime>2016-02-17T23:20:11+0100</modificationTime>
      <directLink>http://ckm.apperta.org/ckm/#showArchetype_1051.32.359_1</directLink>
   </ckmResource>
   <ckmResource>
      <cid>1051.32.403</cid>
      <versionAsset>1</versionAsset>
      <resourceMainId>openEHR-EHR-EVALUATION.exposure.v1</resourceMainId>
      <resourceMainDisplayName>Exposure</resourceMainDisplayName>
      <resourceType>ARCHETYPE</resourceType>
      <creationTime>2016-08-03T13:35:46+0200</creationTime>
      <modificationTime>2016-08-03T13:35:46+0200</modificationTime>
      <directLink>http://ckm.apperta.org/ckm/#showArchetype_1051.32.403_1</directLink>
   </ckmResource>
   <ckmResource>
      <cid>1051.32.344</cid>
      <versionAsset>1</versionAsset>
      <resourceMainId>openEHR-EHR-ACTION.service.v0</resourceMainId>
      <resourceMainDisplayName>Service</resourceMainDisplayName>
      <resourceType>ARCHETYPE</resourceType>
      <creationTime>2016-02-08T09:02:19+0100</creationTime>
      <modificationTime>2016-02-08T09:02:19+0100</modificationTime>
      <directLink>http://ckm.apperta.org/ckm/#showArchetype_1051.32.344_1</directLink>
   </ckmResource>
   <ckmResource>
      <cid>1051.32.169</cid>
      <versionAsset>5</versionAsset>
      <resourceMainId>openEHR-EHR-SECTION.adhoc.v1</resourceMainId>
      <resourceMainDisplayName>Ad hoc heading</resourceMainDisplayName>
      <resourceType>ARCHETYPE</resourceType>
      <creationTime>2013-09-05T17:51:04+0200</creationTime>
      <modificationTime>2015-05-26T13:16:22+0200</modificationTime>
      <directLink>http://ckm.apperta.org/ckm/#showArchetype_1051.32.169_5</directLink>
   </ckmResource>
   <ckmResource>
      <cid>1051.32.297</cid>
      <versionAsset>1</versionAsset>
      <resourceMainId>openEHR-EHR-ACTION.health_education.v1</resourceMainId>
      <resourceMainDisplayName>Health education</resourceMainDisplayName>
      <resourceType>ARCHETYPE</resourceType>
      <creationTime>2015-03-22T18:34:06+0100</creationTime>
      <modificationTime>2015-03-22T18:34:06+0100</modificationTime>
      <directLink>http://ckm.apperta.org/ckm/#showArchetype_1051.32.297_1</directLink>
   </ckmResource>
   <ckmResource>
      <cid>1051.32.154</cid>
      <versionAsset>4</versionAsset>
      <resourceMainId>openEHR-EHR-OBSERVATION.body_weight.v1</resourceMainId>
      <resourceMainDisplayName>Body weight</resourceMainDisplayName>
      <resourceType>ARCHETYPE</resourceType>
      <creationTime>2013-09-04T12:19:18+0200</creationTime>
      <modificationTime>2015-01-30T19:39:14+0100</modificationTime>
      <directLink>http://ckm.apperta.org/ckm/#showArchetype_1051.32.154_4</directLink>
   </ckmResource>
</templateFileSet>